question,answer,category,difficulty,mode,question_type,choice_a,choice_b,choice_c,choice_d
"If $\frac{x-1}{3}=k$ and $k=3$, what is the value of $x ?$",D,Math,medium,sat,multiple_choice,2,4,9,10
"For $i=\sqrt{-1}$, what is the sum $(7+3 i)+(-8+9 i) ?$",A,Math,medium,sat,multiple_choice,$-1+12 i$,$-1-6 i$,$15+12 i$,$15-6 i$ 3
"On Saturday afternoon, Armand sent $m$ text messages each hour for 5 hours, and Tyrone sent $p$ text messages each hour for 4 hours. Which of the following represents the total number of messages sent by Armand and Tyrone on Saturday afternoon?",C,Math,medium,sat,multiple_choice,$9 m p$,$20 m p$,$5 m+4 p$,$4 m+5 p$
"Kathy is a repair technician for a phone company. Each week, she receives a batch of phones that need repairs. The number of phones that she has left to fix at the end of each day can be estimated with the equation $P=108-23 d$, where $P$ is the number of phones left and $d$ is the number of days she has worked that week. What is the meaning of the value 108 in this equation?",B,Math,medium,sat,multiple_choice,Kathy will complete the repairs within 108 days.,Kathy starts each week with 108 phones to fix.,Kathy repairs phones at a rate of 108 per hour.,Kathy repairs phones at a rate of 108 per day.
$$\left(x^{2} y-3 y^{2}+5 x y^{2}\right)-\left(-x^{2} y+3 x y^{2}-3 y^{2}\right)$$Which of the following is equivalent to the expression above?,C,Math,medium,sat,multiple_choice,$4 x^{2} y^{2}$,$8 x y^{2}-6 y^{2}$,$2 x^{2} y+2 x y^{2}$,$2 x^{2} y+8 x y^{2}-6 y^{2}$
"$$h=3 a+28.6$$A pediatrician uses the model above to estimate the height $h$ of a boy, in inches, in terms of the boy's age $a$, in years, between the ages of 2 and 5. Based on the model, what is the estimated increase, in inches, of a boy's height each year?",A,Math,medium,sat,multiple_choice,3,$\quad 5.7$,9.5,14.3
"$$m=\frac{\left(\frac{r}{1,200}\right)\left(1+\frac{r}{1,200}\right)^{N}}{\left(1+\frac{r}{1,200}\right)^{N}-1} P$$The formula above gives the monthly payment $m$ needed to pay off a loan of $P$ dollars at $r$ percent annual interest over $N$ months. Which of the following gives $P$ in terms of $m, r$, and $N$ ?",B,Math,medium,sat,multiple_choice,"$P=\frac{\left(\frac{r}{1,200}\right)\left(1+\frac{r}{1,200}\right)^{N}}{\left(1+\frac{r}{1,200}\right)^{N}-1} m$","$P=\frac{\left(1+\frac{r}{1,200}\right)^{N}-1}{\left(\frac{r}{1,200}\right)\left(1+\frac{r}{1,200}\right)^{N}} m$","$P=\left(\frac{r}{1,200}\right) m$","$P=\left(\frac{1,200}{r}\right) m$"
"If $\frac{a}{b}=2$, what is the value of $\frac{4 b}{a} ?$",C,Math,medium,sat,multiple_choice,0,1,2,4
"$$\begin{array}{r}3 x+4 y=-23 \\2 y-x=-19\end{array}$$What is the solution $(x, y)$ to the system of equations above?",B,Math,medium,sat,multiple_choice,"$(-5,-2)$","$(3,-8)$","$(4,-6)$","$(9,-6)$"
"$$g(x)=a x^{2}+24$$For the function $g$ defined above, $a$ is a constant and $g(4)=8$. What is the value of $g(-4)$ ?",A,Math,medium,sat,multiple_choice,8,0,-1,-8
"$$\begin{aligned}& b=2.35+0.25 x \\& c=1.75+0.40 x\end{aligned}$$In the equations above, $b$ and $c$ represent the price per pound, in dollars, of beef and chicken, respectively, $x$ weeks after July 1 during last summer. What was the price per pound of beef when it was equal to the price per pound of chicken?",D,Math,medium,sat,multiple_choice,$\$ 2.60$,$\$ 2.85$,$\$ 2.95$,$\$ 3.35$
A line in the $x y$-plane passes through the origin and has a slope of $\frac{1}{7}$. Which of the following points lies on the line?,D,Math,medium,sat,multiple_choice,"$(0,7)$","$(1,7)$","$(7,7)$","$(14,2)$"
"If $x>3$, which of the following is equivalent to $\frac{1}{\frac{1}{x+2}+\frac{1}{x+3}}$ ?",B,Math,medium,sat,multiple_choice,$\frac{2 x+5}{x^{2}+5 x+6}$,$\frac{x^{2}+5 x+6}{2 x+5}$,$2 x+5$,$x^{2}+5 x+6$
"If $3 x-y=12$, what is the value of $\frac{8^{x}}{2^{y}} ?$",A,Math,medium,sat,multiple_choice,$2^{12}$,4,$8^{2}$,The value cannot be determined from the information given.
"If $(a x+2)(b x+7)=15 x^{2}+c x+14$ for all values of $x$, and $a+b=8$, what are the two possible values for $c$ ?",D,Math,medium,sat,multiple_choice,3 and 5,6 and 35,10 and 21,31 and 41
"If $y=k x$, where $k$ is a constant, and $y=24$ when $x=6$, what is the value of $y$ when $x=5$ ?",C,Math,medium,sat,multiple_choice,6,15,20,23
"If $16+4 x$ is 10 more than 14 , what is the value of $8 x$ ?",C,Math,medium,sat,multiple_choice,2,6,16,80 5
"$$\begin{aligned}1 \text { decagram } & =10 \text { grams } \\1,000 \text { milligrams } & =1 \text { gram }\end{aligned}$$A hospital stores one type of medicine in 2-decagram containers. Based on the information given in the box above, how many 1-milligram doses are there in one 2-decagram container?",D,Math,medium,sat,multiple_choice,$\quad 0.002$,$\quad 200$,"$\quad 2,000$","20,000"
For what value of $n$ is $|n-1|+1$ equal to 0 ?,D,Math,medium,sat,multiple_choice,0,1,2,There is no such value of $n$.
Which of the following expresses the air temperature in terms of the speed of a sound wave?,A,Math,medium,sat,multiple_choice,"$t=\frac{a-1,052}{1.08}$","$t=\frac{a+1,052}{1.08}$","$t=\frac{1,052-a}{1.08}$","$t=\frac{1.08}{a+1,052}$"
"At which of the following air temperatures will the speed of a sound wave be closest to 1,000 feet per second?",B,Math,medium,sat,multiple_choice,$-46^{\circ} \mathrm{F}$,$-48^{\circ} \mathrm{F}$,$-49^{\circ} \mathrm{F}$,$-50^{\circ} \mathrm{F}$
Which of the following numbers is NOT a solution of the inequality $3 x-5 \geq 4 x-3$ ?,A,Math,medium,sat,multiple_choice,-1,-2,-3,-5
\begin{center}\begin{tabular}{|c|c|c|c|c|c|}\cline { 3 - 5 }\multicolumn{2}{c|}{} & \multicolumn{3}{c|}{Course} & \multicolumn{1}{c|}{} \\\cline { 2 - 5 }\multicolumn{2}{c|}{} & Algebra I & Geometry & $\begin{array}{c}\text { Algebra } \\ \text { II }\end{array}$ & \multirow{2}{*}{Total} \\\hline\multirow{2}{*}{Gender} & Female & 35 & 53 & 62 & \\\cline { 2 - 5 }& Male & 44 & 59 & 57 & 160 \\\hline& Total & 79 & 112 & 119 & 310 \\\hline\end{tabular}\end{center}A group of tenth-grade students responded to a survey that asked which math course they were currently enrolled in. The survey data were broken down as shown in the table above. Which of the following categories accounts for approximately 19 percent of all the survey respondents?,C,Math,medium,sat,multiple_choice,Females taking Geometry,Females taking Algebra II,Males taking Geometry,Males taking Algebra I
"\begin{center}\begin{tabular}{|c|c|c|c|c|c|c|}\hline\multicolumn{7}{|c|}{Lengths of Fish (in inches)} \\\hline8 & 9 & 9 & 9 & 10 & 10 & 11 \\\hline11 & 12 & 12 & 12 & 12 & 13 & 13 \\\hline13 & 14 & 14 & 15 & 15 & 16 & 24 \\\hline\end{tabular}\end{center}The table above lists the lengths, to the nearest inch, of a random sample of 21 brown bullhead fish. The outlier measurement of 24 inches is an error. Of the mean, median, and range of the values listed, which will change the most if the 24 -inch measurement is removed from the data?",C,Math,medium,sat,multiple_choice,Mean,Median,Range,They will all change by the same amount.
"$$\begin{aligned}& y<-x+a \\& y>x+b\end{aligned}$$In the $x y$-plane, if $(0,0)$ is a solution to the system of inequalities above, which of the following relationships between $a$ and $b$ must be true?",A,Math,medium,sat,multiple_choice,$a>b$,$b>a$,$|a|>|b|$,$a=-b$
A food truck sells salads for $\$ 6.50$ each and drinks for $\$ 2.00$ each. The food truck's revenue from selling a total of 209 salads and drinks in one day was $\$ 836.50$. How many salads were sold that day?,B,Math,medium,sat,multiple_choice,77,93,99,105
"Alma bought a laptop computer at a store that gave a 20 percent discount off its original price. The total amount she paid to the cashier was $p$ dollars, including an 8 percent sales tax on the discounted price. Which of the following represents the original price of the computer in terms of $p$ ?",D,Math,medium,sat,multiple_choice,$0.88 p$,$\frac{p}{0.88}$,$(0.8)(1.08) p$,$\frac{p}{(0.8)(1.08)}$
"Dreams Recalled during One Week\begin{center}\begin{tabular}{|l|c|c|c|c|}\hline& None & 1 to 4 & 5 or more & Total \\\hline\hlineGroup X & 15 & 28 & 57 & 100 \\\hlineGroup Y & 21 & 11 & 68 & 100 \\\hlineTotal & 36 & 39 & 125 & 200 \\\hline\end{tabular}\end{center}The data in the table above were produced by a sleep researcher studying the number of dreams people recall when asked to record their dreams for one week. Group X consisted of 100 people who observed early bedtimes, and Group Y consisted of 100 people who observed later bedtimes. If a person is chosen at random from those who recalled at least 1 dream, what is the probability that the person belonged to Group Y ?",C,Math,medium,sat,multiple_choice,$\frac{68}{100}$,$\frac{79}{100}$,$\frac{79}{164}$,$\frac{164}{200}$
"Which of the following is an equation of a circle in the $x y$-plane with center $(0,4)$ and a radius with endpoint $\left(\frac{4}{3}, 5\right) ?$",A,Math,medium,sat,multiple_choice,$x^{2}+(y-4)^{2}=\frac{25}{9}$,$x^{2}+(y+4)^{2}=\frac{25}{9}$,$x^{2}+(y-4)^{2}=\frac{5}{3}$,$x^{2}+(y+4)^{2}=\frac{3}{5}$
"$$h=-4.9 t^{2}+25 t$$The equation above expresses the approximate height $h$, in meters, of a ball $t$ seconds after it is launched vertically upward from the ground with an initial velocity of 25 meters per second. After approximately how many seconds will the ball hit the ground?",D,Math,medium,sat,multiple_choice,3.5,4.0,4.5,5.0
"Katarina is a botanist studying the production of pears by two types of pear trees. She noticed that Type A trees produced 20 percent more pears than Type B trees did. Based on Katarina's observation, if the Type A trees produced 144 pears, how many pears did the Type B trees produce?",B,Math,medium,sat,multiple_choice,115,120,124,173
"A square field measures 10 meters by 10 meters. Ten students each mark off a randomly selected region of the field; each region is square and has side lengths of 1 meter, and no two regions overlap. The students count the earthworms contained in the soil to a depth of 5 centimeters beneath the ground's surface in each region. The results are shown in the table below.\begin{center}\begin{tabular}{|c|c|c|c|}\hlineRegion & $\begin{array}{c}\text { Number of } \\ \text { earthworms }\end{array}$ & Region & $\begin{array}{c}\text { Number of } \\ \text { earthworms }\end{array}$ \\\hlineA & 107 & $\mathrm{~F}$ & 141 \\\hlineB & 147 & $\mathrm{G}$ & 150 \\\hlineC & 146 & $\mathrm{H}$ & 154 \\\hlineD & 135 & $\mathrm{I}$ & 176 \\\hlineE & 149 & $\mathrm{~J}$ & 166 \\\hline\end{tabular}\end{center}Which of the following is a reasonable approximation of the number of earthworms to a depth of 5 centimeters beneath the ground's surface in the entire field?",C,Math,medium,sat,multiple_choice,$\quad 150$,"$\quad 1,500$","15,000","150,000"
"For a polynomial $p(x)$, the value of $p(3)$ is -2 .Which of the following must be true about $p(x)$ ?",D,Math,medium,sat,multiple_choice,$x-5$ is a factor of $p(x)$.,$x-2$ is a factor of $p(x)$.,$x+2$ is a factor of $p(x)$.,The remainder when $p(x)$ is divided by $x-3$ is -2 .
$$2 z+1=z$$What value of $z$ satisfies the equation above?,B,Math,medium,sat,multiple_choice,-2,-1,$\frac{1}{2}$,1
"A television with a price of $\$ 300$ is to be purchased with an initial payment of $\$ 60$ and weekly payments of $\$ 30$. Which of the following equations can be used to find the number of weekly payments, $w$, required to complete the purchase, assuming there are no taxes or fees?",C,Math,medium,sat,multiple_choice,$300=30 w-60$,$300=30 w$,$300=30 w+60$,$300=60 w-30$
"Shipping Charges\begin{center}\begin{tabular}{|c|c|}\hline$\begin{array}{c}\text { Merchandise weight } \\ \text { (pounds) }\end{array}$ & $\begin{array}{c}\text { Shipping } \\ \text { charge }\end{array}$ \\\hline5 & $\$ 16.94$ \\\hline10 & $\$ 21.89$ \\\hline20 & $\$ 31.79$ \\\hline40 & $\$ 51.59$ \\\hline\end{tabular}\end{center}The table above shows shipping charges for an online retailer that sells sporting goods. There is a linear relationship between the shipping charge and the weight of the merchandise. Which function can be used to determine the total shipping charge $f(x)$, in dollars, for an order with a merchandise weight of $x$ pounds?",B,Math,medium,sat,multiple_choice,$f(x)=0.99 x$,$f(x)=0.99 x+11.99$,$f(x)=3.39 x$,$f(x)=3.39 x+16.94$
"$$\sqrt{9 x^{2}}$$If $x>0$, which of the following is equivalent to the given expression?",A,Math,medium,sat,multiple_choice,$3 x$,$3 x^{2}$,$18 x$,$18 x^{4}$
$$\frac{x^{2}-1}{x-1}=-2$$What are all values of $x$ that satisfy the equation above?,A,Math,medium,sat,multiple_choice,-3,0,1,-3 and -1
"A circle in the $x y$-plane has center $(5,7)$ and radius 2. Which of the following is an equation of the circle?",A,Math,medium,sat,multiple_choice,$(x-5)^{2}+(y-7)^{2}=4$,$(x+5)^{2}+(y+7)^{2}=4$,$(x-5)^{2}+(y-7)^{2}=2$,$(x+5)^{2}+(y+7)^{2}=2$
"In the $x y$-plane, the graph of the function $f(x)=x^{2}+5 x+4$ has two $x$-intercepts. What is the distance between the $x$-intercepts?",C,Math,medium,sat,multiple_choice,1,2,3,4
$$\sqrt{4 x}=x-3$$What are all values of $x$ that satisfy the given equation?I. 1II. 9,B,Math,medium,sat,multiple_choice,I only,II only,I and II,Neither I nor II
"$$\begin{aligned}& -3 x+y=6 \\& a x+2 y=4\end{aligned}$$In the system of equations above, $a$ is a constant. For which of the following values of $a$ does the system have no solution?",A,Math,medium,sat,multiple_choice,-6,-3,3,6
"A helicopter, initially hovering 40 feet above the ground, begins to gain altitude at a rate of 21 feet per second. Which of the following functions represents the helicopter's altitude above the ground $y$, in feet, $t$ seconds after the helicopter begins to gain altitude?",B,Math,medium,sat,multiple_choice,$y=40+21$,$y=40+21 t$,$y=40-21 t$,$y=40 t+21$
"If $20-x=15$, what is the value of $3 x ?$",C,Math,medium,sat,multiple_choice,5,10,15,35
"$$f(x)=\frac{x+3}{2}$$For the function $f$ defined above, what is the value of $f(-1)$ ?",C,Math,medium,sat,multiple_choice,-2,-1,1,2
Which of the following is equivalent to $2 x\left(x^{2}-3 x\right)$ ?,D,Math,medium,sat,multiple_choice,$-4 x^{2}$,$3 x^{3}-x^{2}$,$2 x^{3}-3 x$,$2 x^{3}-6 x^{2}$
A retail company has 50 large stores located in different areas throughout a state. A researcher for the company believes that employee job satisfaction varies greatly from store to store. Which of the following sampling methods is most appropriate to estimate the proportion of all employees of the company who are satisfied with their job?,B,Math,medium,sat,multiple_choice,Selecting one of the 50 stores at random and then surveying each employee at that store,Selecting 10 employees from each store at random and then surveying each employee selected,Surveying the 25 highest-paid employees and the 25 lowest-paid employees,Creating a website on which employees can express their opinions and then using the first 50 responses
$$h(x)=2^{x}$$The function $h$ is defined above. What is $h(5)-h(3) ?$,C,Math,medium,sat,multiple_choice,2,4,24,28
"A researcher surveyed a random sample of students from a large university about how often they see movies. Using the sample data, the researcher estimated that $23 \%$ of the students in the population saw a movie at least once per month. The margin of error for this estimation is $4 \%$. Which of the following is the most appropriate conclusion about all students at the university, based on the given estimate and margin of error?",D,Math,medium,sat,multiple_choice,It is unlikely that less than $23 \%$ of the students see a movie at least once per month.,"At least 23\%, but no more than $25 \%$, of the students see a movie at least once per month.",The researcher is between $19 \%$ and $27 \%$ sure that most students see a movie at least once per month.,It is plausible that the percentage of students who see a movie at least once per month is between $19 \%$ and $27 \%$.
\begin{center}\begin{tabular}{|c|c|c|c|c|c|c|}\hlineList A & 1 & 2 & 3 & 4 & 5 & 6 \\\hlineList B & 2 & 3 & 3 & 4 & 4 & 5 \\\hline\end{tabular}\end{center}The table above shows two lists of numbers. Which of the following is a true statement comparing list $\mathrm{A}$ and list B ?,A,Math,medium,sat,multiple_choice,"The means are the same, and the standard deviations are different.","The means are the same, and the standard deviations are the same.","The means are different, and the standard deviations are different.","The means are different, and the standard deviations are the same."
"A book was on sale for $40 \%$ off its original price. If the sale price of the book was $\$ 18.00$, what was the original price of the book? (Assume there is no sales tax.)",C,Math,medium,sat,multiple_choice,$\$ 7.20$,$\$ 10.80$,$\$ 30.00$,$\$ 45.00$
"A right circular cone has a volume of $24 \pi$ cubic inches. If the height of the cone is 2 inches, what is the radius, in inches, of the base of the cone?",B,Math,medium,sat,multiple_choice,$2 \sqrt{3}$,6,12,36
"In 2015 the populations of City $\mathrm{X}$ and City $\mathrm{Y}$ were equal. From 2010 to 2015, the population of City X increased by $20 \%$ and the population of City $\mathrm{Y}$ decreased by $10 \%$. If the population of City $\mathrm{X}$ was 120,000 in 2010, what was the population of City Y in 2010 ?",C,Math,medium,sat,multiple_choice,"60,000","90,000","160,000","240,000"
"The volume of a sphere is given by the formula $V=\frac{4}{3} \pi r^{3}$, where $r$ is the radius of the sphere. Which of the following gives the radius of the sphere in terms of the volume of the sphere?",D,Math,medium,sat,multiple_choice,$\frac{4 \pi}{3 V}$,$\frac{3 V}{4 \pi}$,$\sqrt[3]{\frac{4 \pi}{3 V}}$,$\sqrt[3]{\frac{3 V}{4 \pi}}$
"Survey Results\begin{center}\begin{tabular}{|l|c|}\hlineAnswer & Percent \\\hlineNever & $31.3 \%$ \\\hlineRarely & $24.3 \%$ \\\hlineOften & $13.5 \%$ \\\hlineAlways & $30.9 \%$ \\\hline\end{tabular}\end{center}The table above shows the results of a survey in which tablet users were asked how often they would watch video advertisements in order to access streaming content for free. Based on the table, which of the following is closest to the probability that a tablet user answered ""Always,"" given that the tablet user did not answer ""Never""?",C,Math,medium,sat,multiple_choice,0.31,0.38,0.45,0.69
"$$y=-(x-3)^{2}+a$$In the equation above, $a$ is a constant. The graph of the equation in the $x y$-plane is a parabola. Which of the following is true about the parabola?",D,Math,medium,sat,multiple_choice,"Its minimum occurs at $(-3, a)$.","Its minimum occurs at $(3, a)$.","Its maximum occurs at $(-3, a)$.","Its maximum occurs at $(3, a)$."
The maximum value of a data set consisting of 25 positive integers is 84 . A new data set consisting of 26 positive integers is created by including 96 in the original data set. Which of the following measures must be 12 greater for the new data set than for the original data set?,C,Math,medium,sat,multiple_choice,The mean,The median,The range,The standard deviation
"$$0.10 x+0.20 y=0.18(x+y)$$Clayton will mix $x$ milliliters of a $10 \%$ by mass saline solution with $y$ milliliters of a $20 \%$ by mass saline solution in order to create an $18 \%$ by mass saline solution. The equation above represents this situation. If Clayton uses 100 milliliters of the $20 \%$ by mass saline solution, how many milliliters of the $10 \%$ by mass saline solution must he use?",B,Math,medium,sat,multiple_choice,5,25,50,100
"The first year Eleanor organized a fund-raising event, she invited 30 people. For each of the next 5 years, she invited double the number of people she had invited the previous year. If $f(n)$ is the number of people invited to the fund-raiser $n$ years after Eleanor began organizing the event, which of the following statements best describes the function $f$ ?",D,Math,medium,sat,multiple_choice,The function $f$ is a decreasing linear function.,The function $f$ is an increasing linear function.,The function $f$ is a decreasing exponential function.,The function $f$ is an increasing exponential function.
"\begin{center}\begin{tabular}{|c|c|c|c|}\hline$x$ & $a$ & $3 a$ & $5 a$ \\\hline$y$ & 0 & $-a$ & $-2 a$ \\\hline\end{tabular}\end{center}Some values of $x$ and their corresponding values of $y$ are shown in the table above, where $a$ is a constant. If there is a linear relationship between $x$ and $y$, which of the following equations represents the relationship?",A,Math,medium,sat,multiple_choice,$x+2 y=a$,$x+2 y=5 a$,$2 x-y=-5 a$,$2 x-y=7 a$
"$$\begin{aligned}& 2.4 x-1.5 y=0.3 \\& 1.6 x+0.5 y=-1.3\end{aligned}$$The system of equations above is graphed in the $x y$-plane. What is the $x$-coordinate of the intersection point $(x, y)$ of the system?",A,Math,medium,sat,multiple_choice,-0.5,-0.25,0.8,1.75
"Keith modeled the growth over several hundred years of a tree population by estimating the number of the trees' pollen grains per square centimeter that were deposited each year within layers of a lake's sediment. He estimated there were 310 pollen grains per square centimeter the first year the grains were deposited, with a $1 \%$ annual increase in the number of grains per square centimeter thereafter. Which of the following functions models $P(t)$, the number of pollen grains per square centimeter $t$ years after the first year the grains were deposited?",D,Math,medium,sat,multiple_choice,$P(t)=310^{t}$,$P(t)=310^{1.01 t}$,$P(t)=310(0.99)^{t}$,$P(t)=310(1.01)^{t}$
"$$\frac{2}{3}(9 x-6)-4=9 x-6$$Based on the equation above, what is the value of $3 x-2$ ?",A,Math,medium,sat,multiple_choice,-4,$-\frac{4}{5}$,$-\frac{2}{3}$,4
"$$H=1.88 L+32.01$$The formula above can be used to approximate the height $H$, in inches, of an adult male based on the length $L$, in inches, of his femur. What is the meaning of 1.88 in this context?",D,Math,medium,sat,multiple_choice,"The approximate femur length, in inches, for a man with a height of 32.01 inches","The approximate increase in a man's femur length, in inches, for each increase of 32.01 inches in his height","The approximate increase in a man's femur length, in inches, for each one-inch increase in his height","The approximate increase in a man's height, in inches, for each one-inch increase in his femur length"
"A painter will paint $n$ walls with the same size and shape in a building using a specific brand of paint. The painter's fee can be calculated by the expression $n K \ell h$, where $n$ is the number of walls, $K$ is a constant with units of dollars per square foot, $\ell$ is the length of each wall in feet, and $h$ is the height of each wall in feet. If the customer asks the painter to use a more expensive brand of paint, which of the factors in the expression would change?",C,Math,medium,sat,multiple_choice,$h$,$\ell$,$K$,$n$
"If $3 r=18$, what is the value of $6 r+3$ ?",D,Math,medium,sat,multiple_choice,6,27,36,39
"Which of the following is equal to $a^{\frac{2}{3}}$, for all values of $a$ ?",D,Math,medium,sat,multiple_choice,$\sqrt{a^{\frac{1}{3}}}$,$\sqrt{a^{3}}$,$\sqrt[3]{a^{\frac{1}{2}}}$,$\sqrt[3]{a^{2}}$
"The number of states that joined the United States between 1776 and 1849 is twice the number of states that joined between 1850 and 1900. If 30 states joined the United States between 1776 and 1849 and $x$ states joined between 1850 and 1900 , which of the following equations is true?",B,Math,medium,sat,multiple_choice,$30 x=2$,$2 x=30$,$\frac{x}{2}=30$,$x+30=2$
"If $\frac{5}{x}=\frac{15}{x+20}$, what is the value of $\frac{x}{5} ?$",C,Math,medium,sat,multiple_choice,10,5,2,$\frac{1}{2}$
"$$\begin{aligned}& 2 x-3 y=-14 \\& 3 x-2 y=-6\end{aligned}$$If $(x, y)$ is a solution to the system of equations above, what is the value of $x-y$ ?",C,Math,medium,sat,multiple_choice,-20,$\quad-8$,-4,8
\begin{center}\begin{tabular}{|c|c|}\hline$x$ & $f(x)$ \\\hline0 & 3 \\\hline2 & 1 \\\hline4 & 0 \\\hline5 & -2 \\\hline\end{tabular}\end{center}The function $f$ is defined by a polynomial. Some values of $x$ and $f(x)$ are shown in the table above. Which of the following must be a factor of $f(x)$ ?,C,Math,medium,sat,multiple_choice,$x-2$,$x-3$,$x-4$,$x-5$
"The line $y=k x+4$, where $k$ is a constant, is graphed in the $x y$-plane. If the line contains the point $(c, d)$, where $c \neq 0$ and $d \neq 0$, what is the slope of the line in terms of $c$ and $d$ ?",A,Math,medium,sat,multiple_choice,$\frac{d-4}{c}$,$\frac{c-4}{d}$,$\frac{4-d}{c}$,$\frac{4-c}{d}$
"$$\begin{aligned}& k x-3 y=4 \\& 4 x-5 y=7\end{aligned}$$In the system of equations above, $k$ is a constant and $x$ and $y$ are variables. For what value of $k$ will the system of equations have no solution?",A,Math,medium,sat,multiple_choice,$\frac{12}{5}$,$\frac{16}{7}$,$-\frac{16}{7}$,$-\frac{12}{5}$
"In the $x y$-plane, the parabola with equation $y=(x-11)^{2}$ intersects the line with equation $y=25$ at two points, $A$ and $B$. What is the length of $\overline{A B}$ ?",A,Math,medium,sat,multiple_choice,10,12,14,16
"$$y=a(x-2)(x+4)$$In the quadratic equation above, $a$ is a nonzero constant. The graph of the equation in the $x y$-plane is a parabola with vertex $(c, d)$. Which of the following is equal to $d$ ?",A,Math,medium,sat,multiple_choice,$-9 a$,$-8 a$,$-5 a$,$-2 a$
"The equation $\frac{24 x^{2}+25 x-47}{a x-2}=-8 x-3-\frac{53}{a x-2}$ is true for all values of $x \neq \frac{2}{a}$, where $a$ is a constant.What is the value of $a$ ?",B,Math,medium,sat,multiple_choice,-16,-3,3,16
What are the solutions to $3 x^{2}+12 x+6=0 ?$,A,Math,medium,sat,multiple_choice,$x=-2 \pm \sqrt{2}$,$x=-2 \pm \frac{\sqrt{30}}{3}$,$x=-6 \pm \sqrt{2}$,$x=-6 \pm 6 \sqrt{2}$
"$$C=\frac{5}{9}(F-32)$$The equation above shows how a temperature $F$, measured in degrees Fahrenheit, relates to a temperature $C$, measured in degrees Celsius. Based on the equation, which of the following must be true?I. A temperature increase of 1 degree Fahrenheit is equivalent to a temperature increase of $\frac{5}{9}$ degree Celsius.II. A temperature increase of 1 degree Celsius is equivalent to a temperature increase of 1.8 degrees Fahrenheit.III. A temperature increase of $\frac{5}{9}$ degree Fahrenheit is equivalent to a temperature increase of 1 degree Celsius.",D,Math,medium,sat,multiple_choice,I only,II only,III only,I and II only
"\begin{center}\begin{tabular}{|l||c|c||c|}\cline { 2 - 4 }\multicolumn{1}{c||}{} & \multicolumn{2}{c||}{Age} & \multirow{2}{c|}{Total} \\\hlineGender & Under 40 & 40 or older \\\hline\hlineMale & 12 & 2 & 14 \\\hlineFemale & 8 & 3 & 11 \\\hline\hlineTotal & 20 & 5 & 25 \\\hline\end{tabular}\end{center}The table above shows the distribution of age and gender for 25 people who entered a contest. If the contest winner will be selected at random, what is the probability that the winner will be either a female under age 40 or a male age 40 or older?",B,Math,medium,sat,multiple_choice,$\frac{4}{25}$,$\frac{10}{25}$,$\frac{11}{25}$,$\frac{16}{25}$
\begin{center}\begin{tabular}{|c||c|c|c|c|}\hline$n$ & 1 & 2 & 3 & 4 \\\hline$f(n)$ & -2 & 1 & 4 & 7 \\\hline\end{tabular}\end{center}The table above shows some values of the linear function $f$. Which of the following defines $f$ ?,C,Math,medium,sat,multiple_choice,$f(n)=n-3$,$f(n)=2 n-4$,$f(n)=3 n-5$,$f(n)=4 n-6$
"At Lincoln High School, approximately 7 percent of enrolled juniors and 5 percent of enrolled seniors were inducted into the National Honor Society last year. If there were 562 juniors and 602 seniors enrolled at Lincoln High School last year, which of the following is closest to the total number of juniors and seniors at Lincoln High School last year who were inducted into the National Honor Society?",B,Math,medium,sat,multiple_choice,140,69,39,30
$$\begin{aligned}& 3 x^{2}-5 x+2 \\& 5 x^{2}-2 x-6\end{aligned}$$Which of the following is the sum of the two polynomials shown above?,A,Math,medium,sat,multiple_choice,$8 x^{2}-7 x-4$,$8 x^{2}+7 x-4$,$8 x^{4}-7 x^{2}-4$,$8 x^{4}+7 x^{2}-4$
"If $\frac{3}{5} w=\frac{4}{3}$, what is the value of $w ?$",D,Math,medium,sat,multiple_choice,$\frac{9}{20}$,$\frac{4}{5}$,$\frac{5}{4}$,$\frac{20}{9}$
"The average number of students per classroom at Central High School from 2000 to 2010 can be modeled by the equation $y=0.56 x+27.2$, where $x$ represents the number of years since 2000 , and $y$ represents the average number of students per classroom. Which of the following best describes the meaning of the number 0.56 in the equation?",C,Math,medium,sat,multiple_choice,The total number of students at the school in 2000,The average number of students per classroom in 2000,The estimated increase in the average number of students per classroom each year,The estimated difference between the average number of students per classroom in 2010 and in 2000
"Nate walks 25 meters in 13.7 seconds. If he walks at this same rate, which of the following is closest to the distance he will walk in 4 minutes?",B,Math,medium,sat,multiple_choice,150 meters,450 meters,700 meters,"1,400 meters"
"What is the weight, in newtons, of an object on Mercury with a mass of 90 kilograms?",D,Math,medium,sat,multiple_choice,25,86,101,324
An object on Earth has a weight of 150 newtons. On which planet would the same object have an approximate weight of 170 newtons?,B,Math,medium,sat,multiple_choice,Venus,Saturn,Uranus,Neptune
"$$h=-16 t^{2}+v t+k$$The equation above gives the height $h$, in feet, of a ball $t$ seconds after it is thrown straight up with an initial speed of $v$ feet per second from a height of $k$ feet. Which of the following gives $v$ in terms of $h, t$, and $k$ ?",D,Math,medium,sat,multiple_choice,$v=h+k-16 t$,$v=\frac{h-k+16}{t}$,$v=\frac{h+k}{t}-16 t$,$v=\frac{h-k}{t}+16 t$
"In order to determine if treatment $\mathrm{X}$ is successful in improving eyesight, a research study was conducted. From a large population of people with poor eyesight, 300 participants were selected at random. Half of the participants were randomly assigned to receive treatment $X$, and the other half did not receive treatment $X$. The resulting data showed that participants who received treatment $X$ had significantly improved eyesight as compared to those who did not receive treatment $X$. Based on the design and results of the study, which of the following is an appropriate conclusion?",A,Math,medium,sat,multiple_choice,Treatment $\mathrm{X}$ is likely to improve the eyesight of people who have poor eyesight.,Treatment $\mathrm{X}$ improves eyesight better than all other available treatments.,Treatment $X$ will improve the eyesight of anyone who takes it.,Treatment $\mathrm{X}$ will cause a substantial improvement in eyesight.
How will the quantity of the product supplied to the market change if the price of the product is increased by $\$ 10$ ?,B,Math,medium,sat,multiple_choice,The quantity supplied will decrease by 5 units.,The quantity supplied will increase by 5 units.,The quantity supplied will increase by 10 units.,The quantity supplied will increase by 50 units.
At what price will the quantity of the product supplied to the market equal the quantity of the product demanded by the market?,B,Math,medium,sat,multiple_choice,$\$ 90$,$\$ 120$,$\$ 133$,$\$ 155$
"Graphene, which is used in the manufacture of integrated circuits, is so thin that a sheet weighing one ounce can cover up to 7 football fields. If a football field has an area of approximately $1 \frac{1}{3}$ acres, about how many acres could 48 ounces of graphene cover?",C,Math,medium,sat,multiple_choice,250,350,450,"1,350"
"Of the following four types of savings account plans, which option would yield exponential growth of the money in the account?",C,Math,medium,sat,multiple_choice,"Each successive year, $2 \%$ of the initial savings is added to the value of the account.","Each successive year, $1.5 \%$ of the initial savings and $\$ 100$ is added to the value of the account.","Each successive year, $1 \%$ of the current value is added to the value of the account.","Each successive year, $\$ 100$ is added to the value of the account."
"The sum of three numbers is 855 . One of the numbers, $x$, is $50 \%$ more than the sum of the other two numbers. What is the value of $x$ ?",B,Math,medium,sat,multiple_choice,570,513,214,155
"Mr. Kohl has a beaker containing $n$ milliliters of solution to distribute to the students in his chemistry class. If he gives each student 3 milliliters of solution, he will have 5 milliliters left over. In order to give each student 4 milliliters of solution, he will need an additional 21 milliliters. How many students are in the class?",D,Math,medium,sat,multiple_choice,16,21,23,26
"In the $x y$-plane, the line determined by the points $(2, k)$ and $(k, 32)$ passes through the origin. Which of the following could be the value of $k$ ?",C,Math,medium,sat,multiple_choice,0,4,8,16
"A rectangle was altered by increasing its length by 10 percent and decreasing its width by $p$ percent. If these alterations decreased the area of the rectangle by 12 percent, what is the value of $p$ ?",C,Math,medium,sat,multiple_choice,12,15,20,22
"In planning maintenance for a city's infrastructure, a civil engineer estimates that, starting from the present, the population of the city will decrease by 10 percent every 20 years. If the present population of the city is 50,000, which of the following expressions represents the engineer's estimate of the population of the city $t$ years from now?",D,Math,medium,sat,multiple_choice,"$50,000(0.1)^{20 t}$","$50,000(0.1)^{\frac{t}{20}}$","$50,000(0.9)^{20 t}$","$50,000(0.9)^{\frac{t}{20}}$"
"\begin{center}\begin{tabular}{|l|c|c|}\cline { 2 - 3 }\multicolumn{1}{c|}{} & \multicolumn{2}{c|}{Handedness} \\\hlineGender & Left & Right \\\hline\hlineFemale & & \\\hlineMale & & \\\hline\hlineTotal & 18 & 122 \\\hline\end{tabular}\end{center}The incomplete table above summarizes the number of left-handed students and right-handed students by gender for the eighth-grade students atKeisel Middle School. There are 5 times as many right-handed female students as there are left-handed female students, and there are 9 times as many right-handed male students as there are left-handed male students. If there is a total of 18 left-handed students and 122 right-handed students in the school, which of the following is closest to the probability that a right-handed student selected at random is female? (Note: Assume that none of the eighth-grade students are both right-handed and left-handed.)",A,Math,medium,sat,multiple_choice,0.410,0.357,0.333,0.250
"$$\begin{aligned}& 3 x+b=5 x-7 \\& 3 y+c=5 y-7\end{aligned}$$In the equations above, $b$ and $c$ are constants.If $b$ is $c$ minus $\frac{1}{2}$, which of the following is true?",A,Math,medium,sat,multiple_choice,$x$ is $y$ minus $\frac{1}{4}$.,$x$ is $y$ minus $\frac{1}{2}$.,$x$ is $y$ minus 1 .,$x$ is $y$ plus $\frac{1}{2}$.
What are the solutions of the quadratic equation $4 x^{2}-8 x-12=0$ ?,B,Math,medium,sat,multiple_choice,$x=-1$ and $x=-3$,$x=-1$ and $x=3$,$x=1$ and $x=-3$,$x=1$ and $x=3$
"$$\sqrt{k+2}-x=0$$In the equation above, $k$ is a constant. If $x=9$, what is the value of $k$ ?",D,Math,medium,sat,multiple_choice,1,7,16,79
Which of the following is equivalent to the sum of the expressions $a^{2}-1$ and $a+1$ ?,A,Math,medium,sat,multiple_choice,$a^{2}+a$,$a^{3}-1$,$2 a^{2}$,$a^{3}$
"In air, the speed of sound $S$, in meters per second, is a linear function of the air temperature $T$, in degrees Celsius, and is given by $S(T)=0.6 T+331.4$. Which of the following statements is the best interpretation of the number 331.4 in this context?",A,Math,medium,sat,multiple_choice,"The speed of sound, in meters per second, at $0^{\circ} \mathrm{C}$","The speed of sound, in meters per second, at $0.6^{\circ} \mathrm{C}$","The increase in the speed of sound, in meters per second, that corresponds to an increase of $1^{\circ} \mathrm{C}$","The increase in the speed of sound, in meters per second, that corresponds to an increase of $0.6^{\circ} \mathrm{C}$"
"$$\begin{aligned}y & =x^{2} \\2 y+6 & =2(x+3)\end{aligned}$$If $(x, y)$ is a solution of the system of equations above and $x>0$, what is the value of $x y$ ?",A,Math,medium,sat,multiple_choice,1,2,3,9
"If $a^{2}+b^{2}=z$ and $a b=y$, which of the following is equivalent to $4 z+8 y$ ?",B,Math,medium,sat,multiple_choice,$(a+2 b)^{2}$,$(2 a+2 b)^{2}$,$(4 a+4 b)^{2}$,$(4 a+8 b)^{2}$
"The volume of right circular cylinder A is 22 cubic centimeters. What is the volume, in cubic centimeters, of a right circular cylinder with twice the radius and half the height of cylinder A?",C,Math,medium,sat,multiple_choice,11,22,44,66
Which of the following is equivalent to $9^{\frac{3}{4}}$ ?,D,Math,medium,sat,multiple_choice,$\sqrt[3]{9}$,$\sqrt[4]{9}$,$\sqrt{3}$,$3 \sqrt{3}$
"At a restaurant, $n$ cups of tea are made by adding $t$ tea bags to hot water. If $t=n+2$, how many additional tea bags are needed to make each additional cup of tea?",B,Math,medium,sat,multiple_choice,None,One,Two,Three
"Alan drives an average of 100 miles each week. His car can travel an average of 25 miles per gallon of gasoline. Alan would like to reduce his weekly expenditure on gasoline by $\$ 5$. Assuming gasoline costs $\$ 4$ per gallon, which equation can Alan use to determine how many fewer average miles, $m$, he should drive each week?",D,Math,medium,sat,multiple_choice,$\frac{25}{4} m=95$,$\frac{25}{4} m=5$,$\frac{4}{25} m=95$,$\frac{4}{25} m=5$
\begin{center}\begin{tabular}{|c|c|}\hline$x$ & $f(x)$ \\\hline1 & 5 \\\hline3 & 13 \\\hline5 & 21 \\\hline\end{tabular}\end{center}Some values of the linear function $f$ are shown in the table above. Which of the following defines $f$ ?,C,Math,medium,sat,multiple_choice,$f(x)=2 x+3$,$f(x)=3 x+2$,$f(x)=4 x+1$,$f(x)=5 x$
"To make a bakery's signature chocolate muffins, a baker needs 2.5 ounces of chocolate for each muffin. How many pounds of chocolate are needed to make 48 signature chocolate muffins?( 1 pound $=16$ ounces)",A,Math,medium,sat,multiple_choice,7.5,10,50.5,120
"If $3(c+d)=5$, what is the value of $c+d ?$",B,Math,medium,sat,multiple_choice,$\frac{3}{5}$,$\frac{5}{3}$,3,5
"The weight of an object on Venus is approximately $\frac{9}{10}$ of its weight on Earth. The weight of an object on Jupiter is approximately $\frac{23}{10}$ of its weight on Earth. If an object weighs 100 pounds on Earth, approximately how many more pounds does it weigh on Jupiter than it weighs on Venus?",C,Math,medium,sat,multiple_choice,90,111,140,230
"An online bookstore sells novels and magazines. Each novel sells for $\$ 4$, and each magazine sells for $\$ 1$. If Sadie purchased a total of 11 novels and magazines that have a combined selling price of $\$ 20$, how many novels did she purchase?",B,Math,medium,sat,multiple_choice,2,3,4,5
"The Downtown Business Association (DBA) in a certain city plans to increase its membership by a total of $n$ businesses per year. There were $b$ businesses in the DBA at the beginning of this year. Which function best models the total number of businesses, $y$, the DBA plans to have as members $x$ years from now?",A,Math,medium,sat,multiple_choice,$y=n x+b$,$y=n x-b$,$y=b(n)^{x}$,$y=n(b)^{x}$
Which of the following is an equivalent form of $(1.5 x-2.4)^{2}-\left(5.2 x^{2}-6.4\right) ?$,C,Math,medium,sat,multiple_choice,$-2.2 x^{2}+1.6$,$-2.2 x^{2}+11.2$,$-2.95 x^{2}-7.2 x+12.16$,$-2.95 x^{2}-7.2 x+0.64$
The density $d$ of an object is found by dividing the mass $m$ of the object by its volume $V$. Which of the following equations gives the mass $m$ in terms of $d$ and $V$ ?,A,Math,medium,sat,multiple_choice,$m=d V$,$m=\frac{d}{V}$,$m=\frac{V}{d}$,$m=V+d$
"$$-2 x+3 y=6$$In the $x y$-plane, the graph of which of the following equations is perpendicular to the graph of the equation above?",A,Math,medium,sat,multiple_choice,$3 x+2 y=6$,$3 x+4 y=6$,$2 x+4 y=6$,$2 x+6 y=3$
"$$\begin{array}{r}\frac{1}{2} y=4 \\x-\frac{1}{2} y=2\end{array}$$The system of equations above has solution $(x, y)$. What is the value of $x$ ?",D,Math,medium,sat,multiple_choice,3,$\frac{7}{2}$,4,6
"$$\begin{gathered}y \leq 3 x+1 \\x-y>1\end{gathered}$$Which of the following ordered pairs $(x, y)$ satisfies the system of inequalities above?",D,Math,medium,sat,multiple_choice,"$(-2,-1)$","$(-1,3)$","$(1,5)$","$(2,-1)$"
"\begin{center}\begin{tabular}{|l|c|c|c|}\hline\multirow{2}{*}{$\begin{array}{c}\text { Type of } \\\text { surgeon }\end{array}$} & \multicolumn{2}{|c|}{$\begin{array}{c}\text { Major professional } \\\text { activity }\end{array}$} & \multirow{2}{*}{Total} \\\cline { 2 - 3 }& Teaching & Research \\\hlineGeneral & 258 & 156 & 414 \\\hlineOrthopedic & 119 & 74 & 193 \\\hlineTotal & 377 & 230 & 607 \\\hline\end{tabular}\end{center}In a survey, 607 general surgeons and orthopedic surgeons indicated their major professional activity. The results are summarized in the table above. If one of the surgeons is selected at random, which of the following is closest to the probability that the selected surgeon is an orthopedic surgeon whose indicated professional activity is research?",A,Math,medium,sat,multiple_choice,0.122,0.196,0.318,0.379
"A polling agency recently surveyed 1,000 adults who were selected at random from a large city and asked each of the adults, ""Are you satisfied with the quality of air in the city?"" Of those surveyed, 78 percent responded that they were satisfied with the quality of air in the city. Based on the results of the survey, which of the following statements must be true?I. Of all adults in the city, 78 percent are satisfied with the quality of air in the city.II. If another 1,000 adults selected at random from the city were surveyed, 78 percent of them would report they are satisfied with the quality of air in the city.III. If 1,000 adults selected at random from a different city were surveyed, 78 percent of them would report they are satisfied with the quality of air in the city.",A,Math,medium,sat,multiple_choice,None,II only,I and II only,I and III only
"According to the information in the table, what is the approximate age of an American elm tree with a diameter of 12 inches?",D,Math,medium,sat,multiple_choice,24 years,36 years,40 years,48 years
"If a white birch tree and a pin oak tree each now have a diameter of 1 foot, which of the following will be closest to the difference, in inches, of their diameters 10 years from now? $(1$ foot $=12$ inches $)$",C,Math,medium,sat,multiple_choice,1.0,1.2,1.3,1.4
"$$\frac{a-b}{a}=c$$In the equation above, if $a$ is negative and $b$ is positive, which of the following must be true?",A,Math,medium,sat,multiple_choice,$c>1$,$c=1$,$c=-1$,$c<-1$
"In State X, Mr. Camp's eighth-grade class consisting of 26 students was surveyed and 34.6 percent of the students reported that they had at least two siblings. The average eighth-grade class size in the state is 26. If the students in Mr. Camp's class are representative of students in the state's eighth-grade classes and there are 1,800 eighth-grade classes in the state, which of the following best estimates the number of eighth-grade students in the state who have fewer than two siblings?",C,Math,medium,sat,multiple_choice,"16,200","23,400","30,600","46,800 Questions 23 and 24 refer to the following information."
"\begin{center}\begin{tabular}{|l|c|c|}\hline\multicolumn{3}{|c|}{Townsend Realty Group Investments} \\\hlineProperty address & $\begin{array}{c}\text { Purchase price } \\ \text { (dollars) }\end{array}$ & $\begin{array}{c}\text { Monthly rental } \\ \text { price } \\ \text { (dollars) }\end{array}$ \\\hlineClearwater Lane & 128,000 & 950 \\\hlineDriftwood Drive & 176,000 & 1,310 \\\hlineEdgemont Street & 70,000 & 515 \\\hlineGlenview Street & 140,000 & 1,040 \\\hlineHamilton Circle & 450,000 & 3,365 \\\hline\end{tabular}\end{center}The Townsend Realty Group invested in the five different properties listed in the table above. The table shows the amount, in dollars, the company paid for each property and the corresponding monthly rental price, in dollars, the company charges for the property at each of the five locations. 23The relationship between the monthly rental price $r$, in dollars, and the property's purchase price $p$, in thousands of dollars, can be represented by a linear function. Which of the following functions represents the relationship?",D,Math,medium,sat,multiple_choice,$r(p)=2.5 p-870$,$r(p)=5 p+165$,$r(p)=6.5 p+440$,$r(p)=7.5 p-10$
"Townsend Realty purchased the Glenview Street property and received a $40 \%$ discount off the original price along with an additional $20 \%$ off the discounted price for purchasing the property in cash. Which of the following best approximates the original price, in dollars, of the Glenview Street property?",B,Math,medium,sat,multiple_choice,"$\$ 350,000$","$\$ 291,700$","$\$ 233,300$","$\$ 175,000$"
"A psychologist set up an experiment to study the tendency of a person to select the first item when presented with a series of items. In the experiment, 300 people were presented with a set of five pictures arranged in random order. Each person was asked to choose the most appealing picture. Of the first 150 participants, 36 chose the first picture in the set. Among the remaining 150 participants, $p$ people chose the first picture in the set. If more than $20 \%$ of all participants chose the first picture in the set, which of the following inequalities best describes the possible values of $p$ ?",D,Math,medium,sat,multiple_choice,"$p>0.20(300-36)$, where $p \leq 150$","$p>0.20(300+36)$, where $p \leq 150$","$p-36>0.20(300)$, where $p \leq 150$","$p+36>0.20(300)$, where $p \leq 150$"
"The surface area of a cube is $6\left(\frac{a}{4}\right)^{2}$, where $a$ is a positive constant. Which of the following gives the perimeter of one face of the cube?",B,Math,medium,sat,multiple_choice,$\frac{a}{4}$,$a$,$4 a$,$6 a$
"The mean score of 8 players in a basketball game was 14.5 points. If the highest individual score is removed, the mean score of the remaining 7 players becomes 12 points. What was the highest score?",C,Math,medium,sat,multiple_choice,20,24,32,36
$$x^{2}+20 x+y^{2}+16 y=-20$$The equation above defines a circle in the $x y$-plane. What are the coordinates of the center of the circle?,B,Math,medium,sat,multiple_choice,"$(-20,-16)$","$(-10,-8)$","$(10,8)$","$(20,16)$"
"$$y=x^{2}-a$$In the equation above, $a$ is a positive constant and the graph of the equation in the $x y$-plane is a parabola. Which of the following is an equivalent form of the equation?",B,Math,medium,sat,multiple_choice,$y=(x+a)(x-a)$,$y=(x+\sqrt{a})(x-\sqrt{a})$,$y=\left(x+\frac{a}{2}\right)\left(x-\frac{a}{2}\right)$,$y=(x+a)^{2}$ DIRECTIONS
"$$x+y=75$$The equation above relates the number of minutes, $x$, Maria spends running each day and the number of minutes, $y$, she spends biking each day. In the equation, what does the number 75 represent?",C,Math,medium,sat,multiple_choice,The number of minutes spent running each day,The number of minutes spent biking each day,The total number of minutes spent running and biking each day,The number of minutes spent biking for each minute spent running
Which of the following is equivalent to $3(x+5)-6$ ?,C,Math,medium,sat,multiple_choice,$3 x-3$,$3 x-1$,$3 x+9$,$15 x-6$
"$$\begin{aligned}& x=y-3 \\& \frac{x}{2}+2 y=6\end{aligned}$$Which ordered pair $(x, y)$ satisfies the system of equations shown above?",B,Math,medium,sat,multiple_choice,"$(-3,0)$","$(0,3)$","$(6,-3)$","$(36,-6)$"
"Which of the following complex numbers is equal to $(5+12 i)-\left(9 i^{2}-6 i\right)$, for $i=\sqrt{-1}$ ?",D,Math,medium,sat,multiple_choice,$-14-18 i$,$-4-6 i$,$4+6 i$,$14+18 i$
"If $f(x)=\frac{x^{2}-6 x+3}{x-1}$, what is $f(-1)$ ?",A,Math,medium,sat,multiple_choice,-5,-2,2,5
"A company that makes wildlife videos purchases camera equipment for $\$ 32,400$. The equipment depreciates in value at a constant rate for 12 years, after which it is considered to have no monetary value. How much is the camera equipment worth 4 years after it is purchased?",C,Math,medium,sat,multiple_choice,"$\$ 10,800$","$\$ 16,200$","$\$ 21,600$","$\$ 29,700$"
$$x^{2}+6 x+4$$Which of the following is equivalent to the expression above?,B,Math,medium,sat,multiple_choice,$(x+3)^{2}+5$,$(x+3)^{2}-5$,$(x-3)^{2}+5$,$(x-3)^{2}-5$
"Ken is working this summer as part of a crew on a farm. He earned $\$ 8$ per hour for the first 10 hours he worked this week. Because of his performance, his crew leader raised his salary to $\$ 10$ per hour for the rest of the week. Ken saves $90 \%$ of his earnings from each week. What is the least number of hours he must work the rest of the week to save at least $\$ 270$ for the week?",C,Math,medium,sat,multiple_choice,38,33,22,16
"Marisa needs to hire at least 10 staff members for an upcoming project. The staff members will be made up of junior directors, who will be paid $\$ 640$ per week, and senior directors, who will be paid $\$ 880$ per week. Her budget for paying the staff members is no more than $\$ 9,700$ per week. She must hire at least 3 junior directors and at least 1 senior director. Which of the following systems of inequalities represents the conditions described if $x$ is the number of junior directors and $y$ is the number of senior directors?",B,Math,medium,sat,multiple_choice,"$640 x+880 y \geq 9,700$ $x+y \leq 10$ $x \geq 3$ $y \geq 1$","$640 x+880 y \leq 9,700$ $x+y \geq 10$ $x \geq 3$ $y \geq 1$","$640 x+880 y \geq 9,700$ $x+y \geq 10$ $x \leq 3$ $y \leq 1$","$640 x+880 y \leq 9,700$ $x+y \leq 10$ $x \leq 3$ $y \leq 1$"
"$$a x^{3}+b x^{2}+c x+d=0$$In the equation above, $a, b, c$, and $d$ are constants. If the equation has roots $-1,-3$, and 5 , which of the following is a factor of $a x^{3}+b x^{2}+c x+d$ ?",B,Math,medium,sat,multiple_choice,$x-1$,$x+1$,$x-3$,$x+5$
The function $f$ is defined by $f(x)=(x+3)(x+1)$. The graph of $f$ in the $x y$-plane is a parabola. Which of the following intervals contains the $x$-coordinate of the vertex of the graph of $f$ ?,B,Math,medium,sat,multiple_choice,$-4<x<-3$,$-3<x<1$,$1<x<3$,$3<x<4$
Which of the following expressions is equivalent to $\frac{x^{2}-2 x-5}{x-3} ?$,D,Math,medium,sat,multiple_choice,$x-5-\frac{20}{x-3}$,$x-5-\frac{10}{x-3}$,$x+1-\frac{8}{x-3}$,$x+1-\frac{2}{x-3}$
"A shipping service restricts the dimensions of the boxes it will ship for a certain type of service. The restriction states that for boxes shaped like rectangular prisms, the sum of the perimeter of the base of the box and the height of the box cannot exceed 130 inches. The perimeter of the base is determined using the width and length of the box. If a box has a height of 60 inches and its length is 2.5 times the width, which inequality shows the allowable width $x$, in inches, of the box?",A,Math,medium,sat,multiple_choice,$0<x \leq 10$,$0<x \leq 11 \frac{2}{3}$,$0<x \leq 17 \frac{1}{2}$,$0<x \leq 20$
"The expression $\frac{1}{3} x^{2}-2$ can be rewritten as $\frac{1}{3}(x-k)(x+k)$, where $k$ is a positive constant.What is the value of $k$ ?",D,Math,medium,sat,multiple_choice,2,6,$\sqrt{2}$,$\sqrt{6}$
\begin{center}\begin{tabular}{|c|c|c|c|}\hline& $\begin{array}{c}\text { Fed only } \\ \text { dry food }\end{array}$ & $\begin{array}{c}\text { Fed both wet } \\ \text { and dry food }\end{array}$ & Total \\\hlineCats & 5 & 11 & 16 \\\hlineDogs & 2 & 23 & 25 \\\hlineTotal & 7 & 34 & 41 \\\hline\end{tabular}\end{center}The table above shows the kinds of foods that are fed to the cats and dogs currently boarded at a pet care facility. What fraction of the dogs are fed only dry food?,B,Math,medium,sat,multiple_choice,$\frac{2}{41}$,$\frac{2}{25}$,$\frac{7}{41}$,$\frac{2}{7}$
$$\left(x^{2}-3\right)-\left(-3 x^{2}+5\right)$$Which of the following expressions is equivalent to the one above?,A,Math,medium,sat,multiple_choice,$4 x^{2}-8$,$4 x^{2}-2$,$-2 x^{2}-8$,$-2 x^{2}-2$
A certain package requires 3 centimeters of tape to be closed securely. What is the maximum number of packages of this type that can be secured with 6 meters of tape? $(1$ meter $=100 \mathrm{~cm})$,C,Math,medium,sat,multiple_choice,100,150,200,300
"A market researcher selected 200 people at random from a group of people who indicated that they liked a certain book. The 200 people were shown a movie based on the book and then asked whether they liked or disliked the movie. Of those surveyed, $95 \%$ said they disliked the movie. Which of the following inferences can appropriately be drawn from this survey result?",D,Math,medium,sat,multiple_choice,At least $95 \%$ of people who go see movies will dislike this movie.,At least $95 \%$ of people who read books will dislike this movie.,Most people who dislike this book will like this movie.,Most people who like this book will dislike this movie.
"Which of the following ordered pairs $(x, y)$ satisfies the inequality $5 x-3 y<4$ ?I. $(1,1)$II. $(2,5)$III. $(3,2)$",C,Math,medium,sat,multiple_choice,I only,II only,I and II only,I and III only
"In the equation $(a x+3)^{2}=36, a$ is a constant. If $x=-3$ is one solution to the equation, what is a possible value of $a$ ?",C,Math,medium,sat,multiple_choice,-11,-5,-1,0
"$$9 a x+9 b-6=21$$Based on the equation above, what is the value of $a x+b ?$",A,Math,medium,sat,multiple_choice,3,6,8,12
Lani spent $15 \%$ of her 8-hour workday in meetings. How many minutes of her workday did she spend in meetings?,D,Math,medium,sat,multiple_choice,1.2,15,48,72
"A software company is selling a new game in a standard edition and a collector's edition. The box for the standard edition has a volume of 20 cubic inches, and the box for the collector's edition has a volume of 30 cubic inches. The company receives an order for 75 copies of the game, and the total volume of the order to be shipped is 1,870 cubic inches. Which of the following systems of equations can be used to determine the number of standard edition games, $s$, and collector's edition games, $c$, that were ordered?",A,Math,medium,sat,multiple_choice,"$75-s=c$ $20 s+30 c=1,870$","$75-s=c$ $30 s+20 c=1,870$","$\quad s-c=75$ $25(s+c)=1,870$","$\quad s-c=75$ $30 s+20 c=1,870$"
A customer paid $\$ 53.00$ for a jacket after a 6 percent sales tax was added. What was the price of the jacket before the sales tax was added?,B,Math,medium,sat,multiple_choice,$\$ 47.60$,$\$ 50.00$,$\$ 52.60$,$\$ 52.84$
"If 50 one-cent coins were stacked on top of each other in a column, the column would be approximately $3 \frac{7}{8}$ inches tall. At this rate, which of the following is closest to the number of one-cent coins it would take to make an 8-inch-tall column?",B,Math,medium,sat,multiple_choice,75,100,200,390
"If $a-b=12$ and $\frac{b}{2}=10$, what is the value of $a+b ?$",D,Math,medium,sat,multiple_choice,2,12,32,52
"$$y=19.99+1.50 x$$The equation above models the total cost $y$, in dollars, that a company charges a customer to rent a truck for one day and drive the truck $x$ miles. The total cost consists of a flat fee plus a charge per mile driven. When the equation is graphed in the $x y$-plane, what does the $y$-intercept of the graph represent in terms of the model?",A,Math,medium,sat,multiple_choice,A flat fee of $\$ 19.99$,A charge per mile of $\$ 1.50$,A charge per mile of $\$ 19.99$,Total daily charges of $\$ 21.49$
"Based on Current's formula, what is $w$ in terms of $A$ ?",A,Math,medium,sat,multiple_choice,$w=30 A-4$,$w=30 A+4$,$w=30(A-4)$,$w=30(A+4)$
"If Mosteller's and Current's formulas give the same estimate for $A$, which of the following expressions is equivalent to $\sqrt{h w}$ ?",C,Math,medium,sat,multiple_choice,$\frac{4+w}{2}$,"$\frac{4+w}{1,800}$",$2(4+w)$,$\frac{(4+w)^{2}}{2}$
Percent of Residents Who Earned a Bachelor's Degree or Higher\begin{center}\begin{tabular}{|c|c|}\hlineState & Percent of residents \\\hlineState A & $21.9 \%$ \\\hlineState B & $27.9 \%$ \\\hlineState C & $25.9 \%$ \\\hlineState D & $19.5 \%$ \\\hlineState E & $30.1 \%$ \\\hlineState F & $36.4 \%$ \\\hlineState G & $35.5 \%$ \\\hline\end{tabular}\end{center}A survey was given to residents of all 50 states asking if they had earned a bachelor's degree or higher.The results from 7 of the states are given in the table above. The median percent of residents who earned a bachelor's degree or higher for all 50 states was $26.95 \%$. What is the difference between the median percent of residents who earned a bachelor's degree or higher for these 7 states and the median for all 50 states?,B,Math,medium,sat,multiple_choice,$0.05 \%$,$0.95 \%$,$1.22 \%$,$7.45 \%$
"A cylindrical can containing pieces of fruit is filled to the top with syrup before being sealed. The base of the can has an area of $75 \mathrm{~cm}^{2}$, and the height of the can is $10 \mathrm{~cm}$. If $110 \mathrm{~cm}^{3}$ of syrup is needed to fill the can to the top, which of the following is closest to the total volume of the pieces of fruit in the can?",C,Math,medium,sat,multiple_choice,$7.5 \mathrm{~cm}^{3}$,$185 \mathrm{~cm}^{3}$,$640 \mathrm{~cm}^{3}$,$750 \mathrm{~cm}^{3}$
"$$h(t)=-16 t^{2}+110 t+72$$The function above models the height $h$, in feet, of an object above ground $t$ seconds after being launched straight up in the air. What does the number 72 represent in the function?",A,Math,medium,sat,multiple_choice,"The initial height, in feet, of the object","The maximum height, in feet, of the object","The initial speed, in feet per second, of the object","The maximum speed, in feet per second, of the object"
"If $x$ food calories is equivalent to $k$ kilojoules, of the following, which best represents the relationship between $x$ and $k$ ?",B,Math,medium,sat,multiple_choice,$k=0.24 x$,$k=4.2 x$,$x=4.2 k$,$x k=4.2$
"If the 180 food calories in a granola bar come entirely from $p$ grams of protein, $f$ grams of fat, and $c$ grams of carbohydrate, which of the following expresses $f$ in terms of $p$ and $c$ ?",B,Math,medium,sat,multiple_choice,$f=20+\frac{4}{9}(p+c)$,$f=20-\frac{4}{9}(p+c)$,$f=20-\frac{4}{9}(p-c)$,$f=20+\frac{9}{4}(p+c)$
"The world's population has grown at an average rate of 1.9 percent per year since 1945. There were approximately 4 billion people in the world in 1975. Which of the following functions represents the world's population $P$, in billions of people, $t$ years since $1975 ?(1$ billion $=1,000,000,000)$",A,Math,medium,sat,multiple_choice,$P(t)=4(1.019)^{t}$,$P(t)=4(1.9)^{t}$,$P(t)=1.19 t+4$,$P(t)=1.019 t+4$
A circle in the $x y$-plane has equation$(x+3)^{2}+(y-1)^{2}=25$. Which of the following points does NOT lie in the interior of the circle?,D,Math,medium,sat,multiple_choice,"$(-7,3)$","$(-3,1)$","$(0,0)$","$(3,2)$"
"\begin{center}\begin{tabular}{c|c}Year & $\begin{array}{c}\text { Subscriptions } \\ \text { sold }\end{array}$ \\\hline2012 & 5,600 \\2013 & 5,880 \\\end{tabular}\end{center}The manager of an online news service received the report above on the number of subscriptions sold by the service. The manager estimated that the percent increase from 2012 to 2013 would be double the percent increase from 2013 to 2014 . How many subscriptions did the manager expect would be sold in 2014 ?",B,Math,medium,sat,multiple_choice,"6,020","6,027","6,440","6,468 DIRECTIONS"
"$$3 x+x+x+x-3-2=7+x+x$$In the equation above, what is the value of $x$ ?",D,Math,medium,sat,multiple_choice,$-\frac{5}{7}$,1,$\frac{12}{7}$,3
"The formula below is often used by project managers to compute $E$, the estimated time to complete a job, where $O$ is the shortest completion time, $P$ is the longest completion time, and $M$ is the most likely completion time.$$E=\frac{O+4 M+P}{6}$$Which of the following correctly gives $P$ in terms of $E, O$, and $M$ ?",A,Math,medium,sat,multiple_choice,$P=6 E-O-4 M$,$P=-6 E+O+4 M$,$P=\frac{O+4 M+E}{6}$,$P=\frac{O+4 M-E}{6}$
"The width of a rectangular dance floor is $w$ feet. The length of the floor is 6 feet longer than its width. Which of the following expresses the perimeter, in feet, of the dance floor in terms of $w$ ?",B,Math,medium,sat,multiple_choice,$2 w+6$,$4 w+12$,$w^{2}+6$,$w^{2}+6 w$
$$\begin{aligned}y & >2 x-1 \\2 x & >5\end{aligned}$$Which of the following consists of the $y$-coordinates of all the points that satisfy the system of inequalities above?,B,Math,medium,sat,multiple_choice,$y>6$,$y>4$,$y>\frac{5}{2}$,$y>\frac{3}{2}$
$$\sqrt{2 x+6}+4=x+3$$What is the solution set of the equation above?,B,Math,medium,sat,multiple_choice,$\{-1\}$,$\{5\}$,"$\{-1,5\}$","$\{0,-1,5\}$"
"$$\begin{aligned}& f(x)=x^{3}-9 x \\& g(x)=x^{2}-2 x-3\end{aligned}$$Which of the following expressions is equivalent to$\frac{f(x)}{g(x)}$, for $x>3 ?$",D,Math,medium,sat,multiple_choice,$\frac{1}{x+1}$,$\frac{x+3}{x+1}$,$\frac{x(x-3)}{x+1}$,$\frac{x(x+3)}{x+1}$
"A group of 202 people went on an overnight camping trip, taking 60 tents with them. Some of the tents held 2 people each, and the rest held 4 people each. Assuming all the tents were filled to capacity and every person got to sleep in a tent, exactly how many of the tents were 2-person tents?",C,Math,medium,sat,multiple_choice,30,20,19,18 11
"If $\frac{2 a}{b}=\frac{1}{2}$, what is the value of $\frac{b}{a} ?$",D,Math,medium,sat,multiple_choice,$\frac{1}{8}$,$\frac{1}{4}$,2,4
"Oil and gas production in a certain area dropped from 4 million barrels in 2000 to 1.9 million barrels in 2013. Assuming that the oil and gas production decreased at a constant rate, which of the following linear functions $f$ best models the production, in millions of barrels, $t$ years after the year 2000 ?",C,Math,medium,sat,multiple_choice,$f(t)=\frac{21}{130} t+4$,$f(t)=\frac{19}{130} t+4$,$f(t)=-\frac{21}{130} t+4$,$f(t)=-\frac{19}{130} t+4$
$$\begin{aligned}& y=x^{2}+3 x-7 \\& y-5 x+8=0\end{aligned}$$How many solutions are there to the system of equations above?,C,Math,medium,sat,multiple_choice,There are exactly 4 solutions.,There are exactly 2 solutions.,There is exactly 1 solution.,There are no solutions.
$$\begin{aligned}& g(x)=2 x-1 \\& h(x)=1-g(x)\end{aligned}$$The functions $g$ and $h$ are defined above. What is the value of $h(0)$ ?,D,Math,medium,sat,multiple_choice,-2,0,1,2
"One pound of grapes costs $\$ 2$. At this rate, how many dollars will $c$ pounds of grapes cost?",A,Math,medium,sat,multiple_choice,$2 c$,$2+c$,$\frac{2}{c}$,$\frac{c}{2}$
"In a random sample of 200 cars of a particular model, 3 have a manufacturing defect. At this rate, how many of 10,000 cars of the same model will have a manufacturing defect?",A,Math,medium,sat,multiple_choice,150,200,250,300
"Two types of tickets were sold for a concert held at an amphitheater. Tickets to sit on a bench during the concert cost $\$ 75$ each, and tickets to sit on the lawn during the concert cost $\$ 40$ each. Organizers of the concert announced that 350 tickets had been sold and that $\$ 19,250$ had been raised through ticket sales alone. Which of the following systems of equations could be used to find the number of tickets for bench seats, $B$, and the number of tickets for lawn seats, $L$, that were sold for the concert?",D,Math,medium,sat,multiple_choice,"$(75 B)(40 L)=1,950$ $B+L=350$","$40 B+75 L=19,250$ $B+L=350$","$75 B+40 L=350$ $B+L=19,250$","$75 B+40 L=19,250$ $B+L=350$"
"In the $x y$-plane, the graph of which of the following equations is a line with a slope of 3 ?",C,Math,medium,sat,multiple_choice,$y=\frac{1}{3} x$,$y=x-3$,$y=3 x+2$,$y=6 x+3$
"$$x+1=\frac{2}{x+1}$$In the equation above, which of the following is a possible value of $x+1$ ?",B,Math,medium,sat,multiple_choice,$1-\sqrt{2}$,$\sqrt{2}$,2,4
"Roberto is an insurance agent who sells two types of policies: a $\$ 50,000$ policy and a $\$ 100,000$ policy. Last month, his goal was to sell at least 57 insurance policies. While he did not meet his goal, the total value of the policies he sold was over $\$ 3,000,000$. Which of the following systems of inequalities describes $x$, the possible number of $\$ 50,000$ policies, and $y$, the possible number of $\$ 100,000$ policies, that Roberto sold last month?",C,Math,medium,sat,multiple_choice,"$x+y<57$ $50,000 x+100,000 y<3,000,000$","$x+y>57$ $50,000 x+100,000 y>3,000,000$","$x+y<57$ $50,000 x+100,000 y>3,000,000$","$x+y>57$ $50,000 x+100,000 y<3,000,000$"
"$$\begin{aligned}& 2 x-y=8 \\& x+2 y=4\end{aligned}$$For the system of equations above, what is the value of $x+y$ ?",B,Math,medium,sat,multiple_choice,-1,4,5,20
Which of the following is equivalent to $2\left(x^{2}-x\right)+3\left(x^{2}-x\right) ?$,A,Math,medium,sat,multiple_choice,$5 x^{2}-5 x$,$5 x^{2}+5 x$,$5 x$,$5 x^{2}$
Which of the following statements is true about the graph of the equation $2 y-3 x=-4$ in the $x y$-plane?,D,Math,medium,sat,multiple_choice,It has a negative slope and a positive $y$-intercept.,It has a negative slope and a negative $y$-intercept.,It has a positive slope and a positive $y$-intercept.,It has a positive slope and a negative $y$-intercept.
"The front of a roller-coaster car is at the bottom of a hill and is 15 feet above the ground. If the front of the roller-coaster car rises at a constant rate of 8 feet per second, which of the following equations gives the height $h$, in feet, of the front of the roller-coaster car $s$ seconds after it starts up the hill?",A,Math,medium,sat,multiple_choice,$h=8 s+15$,$h=15 s+\frac{335}{8}$,$h=8 s+\frac{335}{15}$,$h=15 s+8$
"$$C=75 h+125$$The equation above gives the amount $C$, in dollars, an electrician charges for a job that takes $h$ hours. Ms. Sanchez and Mr. Roland each hired this electrician. The electrician worked 2 hours longer on Ms. Sanchez's job than on Mr. Roland's job. How much more did the electrician charge Ms. Sanchez than Mr. Roland?",C,Math,medium,sat,multiple_choice,$\$ 75$,$\$ 125$,$\$ 150$,$\$ 275$
"If $\frac{8}{x}=160$, what is the value of $x ?$",D,Math,medium,sat,multiple_choice,"1,280",80,20,0.05
"$$2 a x-15=3(x+5)+5(x-1)$$In the equation above, $a$ is a constant. If no value of $x$ satisfies the equation, what is the value of $a$ ?",C,Math,medium,sat,multiple_choice,1,2,4,8
"$$(a x+3)\left(5 x^{2}-b x+4\right)=20 x^{3}-9 x^{2}-2 x+12$$The equation above is true for all $x$, where $a$ and $b$ are constants. What is the value of $a b$ ?",C,Math,medium,sat,multiple_choice,18,20,24,40
$$\frac{x}{x-3}=\frac{2 x}{2}$$Which of the following represents all the possible values of $x$ that satisfy the equation above?,B,Math,medium,sat,multiple_choice,0 and 2,0 and 4,-4 and 4,4
$$\frac{1}{2 x+1}+5$$Which of the following is equivalent to the expression above for $x>0$ ?,D,Math,medium,sat,multiple_choice,$\frac{2 x+5}{2 x+1}$,$\frac{2 x+6}{2 x+1}$,$\frac{10 x+5}{2 x+1}$,$\frac{10 x+6}{2 x+1}$
What is the set of all solutions to the equation $\sqrt{x+2}=-x ?$,B,Math,medium,sat,multiple_choice,"$\{-1,2\}$",$\{-1\}$,$\{2\}$,There are no solutions to the given equation.
What value of $x$ satisfies the equation $3 x+3=27$ ?,B,Math,medium,sat,multiple_choice,3,8,10,27
"If $\frac{2 n}{5}=10$, what is the value of $2 n-1 ?$",B,Math,medium,sat,multiple_choice,24,49,50,99
$$\sqrt{x^{2}}=x$$Which of the following values of $x$ is NOT a solution to the equation above?,A,Math,medium,sat,multiple_choice,-4,0,1,3
"Washington High School randomly selected freshman, sophomore, junior, and senior students for a survey about potential changes to next year's schedule. Of students selected for the survey, $\frac{1}{4}$ were freshmen and $\frac{1}{3}$ were sophomores. Half of the remaining selected students were juniors. If336 students were selected for the survey, how many were seniors?",D,Math,medium,sat,multiple_choice,240,140,120,70
"Plant A is currently 20 centimeters tall, and Plant B is currently 12 centimeters tall. The ratio of the heights of Plant A to Plant B is equal to the ratio of the heights of Plant $\mathrm{C}$ to Plant D. If Plant $\mathrm{C}$ is 54 centimeters tall, what is the height of Plant $\mathrm{D}$, in centimeters?",A,Math,medium,sat,multiple_choice,32.4,44.0,62.0,90.0
"Biologists found a new species of pale shrimp at the world's deepest undersea vent, the Beebe Vent Field. The vent is 3.1 miles below the sea's surface.Approximately how many kilometers below the sea's surface is the vent? ( 1 kilometer $\approx 0.6214$ miles)",D,Math,medium,sat,multiple_choice,2,3,4,5
"A cargo helicopter delivers only 100-pound packages and 120-pound packages. For each delivery trip, the helicopter must carry at least 10 packages, and the total weight of the packages can be at most 1,100 pounds. What is the maximum number of 120-pound packages that the helicopter can carry per trip?",C,Math,medium,sat,multiple_choice,2,4,5,6
"A company purchased a machine valued at $\$ 120,000$. The value of the machine depreciates by the same amount each year so that after 10 years the value will be $\$ 30,000$. Which of the following equations gives the value, $v$, of the machine, in dollars, $t$ years after it was purchased for $0 \leq t \leq 10 ?$",B,Math,medium,sat,multiple_choice,"$v=30,000-9,000 t$","$v=120,000-9,000 t$","$v=120,000+9,000 t$","$v=120,000-30,000 t$"
"Line $m$ in the $x y$-plane contains the points $(2,4)$ and $(0,1)$. Which of the following is an equation of line $m$ ?",D,Math,medium,sat,multiple_choice,$y=2 x+3$,$y=2 x+4$,$y=\frac{3}{2} x+3$,$y=\frac{3}{2} x+1$
"$$(4 x+4)(a x-1)-x^{2}+4$$In the expression above, $a$ is a constant. If the expression is equivalent to $b x$, where $b$ is a constant, what is the value of $b$ ?",B,Math,medium,sat,multiple_choice,-5,-3,0,12
"If $2 w+4 t=14$ and $4 w+5 t=25$, what is the value of $2 w+3 t ?$",C,Math,medium,sat,multiple_choice,6,10,13,17
"If $p$ percent of an adult's daily allowance of potassium is provided by $x$ servings of Crunchy Grain cereal per day, which of the following expresses $p$ in terms of $x$ ?",B,Math,medium,sat,multiple_choice,$p=0.5 x$,$p=5 x$,$p=(0.05)^{x}$,$p=(1.05)^{x}$
"On Tuesday, Jennifer will mix Crunchy Grain cereal with Super Grain cereal for her breakfast. Super Grain cereal provides 240 calories per cup. If the total number of calories in one cup of Jennifer's mixture is 270, how much Super Grain cereal is in one cup of the mixture?",B,Math,medium,sat,multiple_choice,$\frac{1}{8} \operatorname{cup}$,$\frac{1}{4} \operatorname{cup}$,$\frac{1}{3} \operatorname{cup}$,$\frac{1}{2} \operatorname{cup}$
"The graph of the exponential function $h$ in the $x y$-plane, where $y=h(x)$, has a $y$-intercept of $d$, where $d$ is a positive constant. Which of the following could define the function $h$ ?",D,Math,medium,sat,multiple_choice,$h(x)=-3(d)^{x}$,$h(x)=3(x) d$,$h(x)=d(-x)^{3}$,$h(x)=d(3)^{x}$
"The weights, in pounds, for 15 horses in a stable were reported, and the mean, median, range, and standard deviation for the data were found. The horse with the lowest reported weight was found to actually weigh 10 pounds less than its reported weight. What value remains unchanged if the four values are reported using the corrected weight?",B,Math,medium,sat,multiple_choice,Mean,Median,Range,Standard deviation
"Near the end of a US cable news show, the host invited viewers to respond to a poll on the show's website that asked, ""Do you support the new federal policy discussed during the show?"" At the end of the show, the host reported that $28 \%$ responded ""Yes,"" and $70 \%$ responded ""No."" Which of the following best explains why the results are unlikely to represent the sentiments of the population of the United States?",B,Math,medium,sat,multiple_choice,"The percentages do not add up to $100 \%$, so any possible conclusions from the poll are invalid.",Those who responded to the poll were not a random sample of the population of the United States.,"There were not $50 \%$ ""Yes"" responses and $50 \%$ ""No"" responses.",The show did not allow viewers enough time to respond to the poll.
"If $f(x)=5 x^{2}-3$ and $f(x+a)=5 x^{2}+30 x+42$, what is the value of $a$ ?",C,Math,medium,sat,multiple_choice,-30,$\quad-3$,3,30
"If $\sin x^{\circ}=a$, which of the following must be true for all values of $x$ ?",C,Math,medium,sat,multiple_choice,$\cos x^{\circ}=a$,$\sin \left(90^{\circ}-x^{\circ}\right)=a$,$\cos \left(90^{\circ}-x^{\circ}\right)=a$,$\sin \left(x^{2}\right)^{\circ}=a^{2}$
"$$h(x)=-16 x^{2}+100 x+10$$The quadratic function above models the height above the ground $h$, in feet, of a projectile $x$ seconds after it had been launched vertically. If $y=h(x)$ is graphed in the $x y$-plane, which of the following represents the real-life meaning of the positive $x$-intercept of the graph?",D,Math,medium,sat,multiple_choice,The initial height of the projectile,The maximum height of the projectile,The time at which the projectile reaches its maximum height,The time at which the projectile hits the ground
"In the $x y$-plane, the graph of the polynomial function $f$ crosses the $x$-axis at exactly two points, $(a, 0)$ and $(b, 0)$, where $a$ and $b$ are both positive. Which of the following could define $f$ ?",A,Math,medium,sat,multiple_choice,$f(x)=(x-a)(x-b)$,$f(x)=(x+a)(x+b)$,$f(x)=(x-a)(x+b)$,$f(x)=x(x-a)(x-b)$
"If $y=3 x^{2}+6 x+2$ is graphed in the $x y$-plane, which of the following characteristics of the graph is displayed as a constant or coefficient in the equation?",C,Math,medium,sat,multiple_choice,$y$-coordinate of the vertex,$x$-intercept $(\mathrm{s})$,$y$-intercept,$x$-intercept of the line of symmetry
